variabele,n,gemiddelde,std,min,p25,mediaan,p75,max
age,891.0,29.11242424242424,13.304424074688162,0.42,21.5,26.0,36.0,80.0
fare,891.0,32.204207968574636,49.6934285971809,0.0,7.9104,14.4542,31.0,512.3292
family_size,891.0,1.904601571268238,1.6134585413550873,1.0,1.0,1.0,2.0,11.0
sibsp,891.0,0.5230078563411896,1.1027434322934317,0.0,0.0,0.0,1.0,8.0
parch,891.0,0.38159371492704824,0.8060572211299483,0.0,0.0,0.0,0.0,6.0
